
{"title":"Lion_2_0", "fileRef":"Lion_2_0.bod", "psId":16, "units":5, "bboxMin":[-17.6483,-12.8786,-6.24739], "bboxMax":[19.0461,15.6826,9.02671], "hasLocalMaterials":true}